"Guilloux";"Sarah";"";"sarah_guilloux@example.org sarah_guilloux@example.com sarah_guilloux@example.com";"+33085552877 +33085552877 +33085552877"
"Thévenet";"Camille";"";"camille_thevenet@example.net camille_thevenet@example.net camillethevenet@example.net camille_thevenet@example.com camillethevenet@example.net camille_thevenet@example.net camillethevenet@example.com";"+33007709351 +33055555878 +33055555878 00-55-55-58-78 +33055555878 +33055555878"
"Beaudouin";"Benoît";"";"benoit_beaudouin@example.net benoit_beaudouin@example.net benoit_beaudouin@example.net";"+33099395922 +33000555197 +33000555197"
"LOZÉ";"LESLY";"Fledgling Fledgling Fledgling Fledgling Fledgling Fledgling";"Fledgling4390@example.org Fledgling4390@example.org lesly_loze@example.com lesly_loze@example.net lesly_loze@example.com Fledgling4390@example.org";"+33045550388 +33045550388 +33045550388 +33(0)0-45-55-03-88 +33045550388"
"Manaudou";"Gayylord";"";"gaylord.manaudou@example.org gaylord_manaudou@example.org";"+33065555734 +33065555734"
"Besnard";"Amanda";"";"amanda.besnard@example.com";"+33055587491"
"Sayin";"Kizil";"Octopirate Octopirate Octopirate Octopirate";"kizilsayin@example.com kizilsayin@example.com kizilsayin@example.com Octopirate8874@example.org Octopirate8874@example.org";"+33000555196 +33000555196 +33000555196 +33000555196 +33000555196"
"Lemoine";"Emmeline";" Emmeline";"emmeline.lemoine@example.org emmeline_lemoine@example.org emmeline_lemoine@example.com emmeline.lemoine@example.org";"00-55-51-64-64 +33055516464 +33055516464 +33055516464"
"Bethune";"Lauurent";"Leaf123";"Leaf1235364@example.com";"+33055542145"
"Abbadie";"Nicolas";"";"nicolasabbadie@example.com nicolasabbadie@example.com";" +33(0)0 55 53 75 36"
"Lefrançois";"Claudie";" Claudie";" claudie_lefrancois@example.org claudie.lefrancois@example.com";"+33000555533 +33000555533 00 00 55 55 33 +33000555533"
"Tourneur";"Norbert";"";"norberttourneur@example.org norberttourneur@example.org norbert_tourneur@example.net norberttourneur@example.com";"+33032054734 +33055516208 +33055516208 +33055516208"
"Boudet";"Odette";"";"odette_boudet@example.com";"+33055560911"
"hurst";"briley";"";"brileyhurst@example.org briley_hurst@example.org";"+33000555302 0000555302"
"Giraud";"Solenn";"";"solenn.giraud@example.org solenngiraud@example.org solenngiraud@example.org solenngiraud@example.org";" +33075556656 +33075556656 +33075556656"
"Cooke";"Hugo";"";"hugo.cooke@example.com";"+33003247929"
"el-Abed";"Shukriyya";"";"shukriyya.el.abed@example.org shukriyya.el.abed@example.org";"+33(0)0-55-55-78-08 +33055557808"
"Arceneaux";"Bastien";"Orangutan Orangutan Orangutan";"bastien.arceneaux@example.net bastien_arceneaux@example.net bastien.arceneaux@example.net";"+33055526553 +33055526553 +33055526553"
"Édouard";"Lessly";"";"leslyedouard@example.org";"+33075553029"
"Rigal";"Élisabeth";"";"elisabeth_rigal@example.com elisabeth_rigal@example.com";"+33085551092 +33085551092 +33085551092"
"Baumé";"Angèle";"";"angele_baume@example.org angele_baume@example.org";"+33000555295 +33000555295"
"Lièvremont";"Jean-Louis";"Gibbonbon Gibbonbon";" jean.louislievremont@example.net";"+33055531878 +33055531878"
"el-Noori";"Zuraara";"";" zuraara.el.noori@example.org";"+33055551777 +33055551777 +33055551777"
"Besnard";"Leila";"";" leila_besnard@example.net leilabesnard@example.net leila_besnard@example.net leilabesnard@example.net";"+33055562840 +33055562840 +33055562840 +33055562840"
"Levett";"Élise";"Élise";"eliselevett@example.net elise.levett@example.org";"+33055569296 00-55-56-92-96"
"Escoffier";"Thierry";" Bot Bot Bot";"thierry_escoffier@example.com thierry_escoffier@example.com thierry_escoffier@example.org Bot8194@example.net";"+33055500605 +33081311609 +33055500605 +33055500605"
"Rouzet";"Anne-Laure";"Raspberry Raspberry";"Raspberry7086@example.com anne.laurerouzet@example.com Raspberry7086@example.com";"+33055556633 +33055556633 +33055556633"
"MALLETTE";"BLANCHE";"Droid Droid Droid Droid";"Droid1567@example.org blanche.mallette@example.org Droid1567@example.org Droid1567@example.org Droid2290@example.com";"+33055551065 +33055551065 +33(0)055551065 +33055551065 +33055551065"
"";"";"Owl";"aline_rousseau@example.com";"+33055551837"
"Marchal";"Émeline";"Gnoll Gnoll";"emeline.marchal@example.net Gnoll4805@example.org";"+33045558312 +33045558312"
"Demaret";"Aline";"";"aline.demaret@example.net";"+33019300775"
"Batteux";"Lucille";"Thunder Thunder";" lucillebatteux@example.com";"+33055511273 +33055511273"
"Bacque";"Fiona";"";"fiona_bacque@example.com fiona.bacque@example.org fiona.bacque@example.net";"+33000555636 +33000555636 +33000555636"
"Brugière";"Reine";"Reine";"reine.brugiere@example.com reine.brugiere@example.com reine.brugiere@example.com";"+33035551858 +33035551858 +33035551858"
"Brochard";"Adrienne";"";"";"+33045558159"
"Matthieu";"Christiane";"";"christiane_matthieu@example.net christiane_matthieu@example.net";"+33(0)0-75-55-55-20"
"Gérald";"Lydia";"";"lydia.gerald@example.net";"+33055562346"
"Redy";"Hiranyagarbha";"Villain Villain";"hiranyagarbhareddy@example.net Villain3002@example.org";"+33035557344 +33035557344"
"Laflèche";"Bérénice";" Geckoco888 Geckoco888 Bérénice";"Geckoco8882028@example.com Geckoco8882028@example.com Geckoco8884536@example.com Geckoco8882028@example.com";"+33000555882 +33000555882 +33000555882 +33000555882"
"Grinda";"Lydie";"";"lydie.grinda@example.net lydie.grinda@example.net";"+33066016709 +33044774149"
"Thévenet";"Camile";"";"camille_thevenet@example.com";"+33055555878"
"Leclère";"Clément";"";"clement_leclere@example.com";"+33055525410"
"Issac";"Ram";"";"ram.issac@example.org ram.issac@example.com";"+33055586590 00-55-58-65-90"
"Niel";"Rosse-Marie";"";"rose.marieniel@example.net";"+33085553361"
"Nicolas";"Abbadie";"";"nicolasabbadie@example.com";"+33055537536"
"Borino";"Ansovino";"Gringoliath44";"ansovino.borino@example.org";"+33000555541"
"Barnier";"Élie";"Élie";"eliebarnier@example.net eliebarnier@example.net elie.barnier@example.com elie.barnier@example.com";"+33045559744 +33045559744 +33045559744 +33045559744 +33045559744"
"Millet";"Adélie";"";"adeliemillet@example.org";"00 55 55 10 79"
"Laurens";"Muriel";"";"muriel_laurens@example.net muriel.laurens@example.org muriel.laurens@example.net muriellaurens@example.net muriel.laurens@example.org muriel.laurens@example.org";"+33075555171 +33075555171 00-75-55-51-71 +33006116604 +33075555171 +33075555171 +33075555171"
"";"Angélique";"";"angelique.figuier@example.org";"+33035555744"
"Courbis";"Sylvia";"";"sylvia_courbis@example.net sylviacourbis@example.net";"+33055514177 +330 55 51 41 77"
"Pleimelding";"Thaddée";"Rascalf Rascalf Rascalf";" Rascalf601@example.org";"+33055538944 +33055538944 +33055538944"
"Gaudreau";"Odile";"";"odile_gaudreau@example.net odile.gaudreau@example.net odilegaudreau@example.org";"+33085554242 +33085554242 +33095092074"
"Lucile";"Deslys";"";"lucile.deslys@example.org lucile.deslys@example.org";"+33055509263 +33055509263"
"Stéphane";"Boissonade";"";"stephaneboissonade@example.org";"+33000555082"
"Moitessier";"Simon";"";"simon_moitessier@example.org simon_moitessier@example.org simonmoitessier@example.org";" +33065558750 +33065558750"
"lafaille";"léonard";"";"leonardlafaille@example.org leonardlafaille@example.org leonard_lafaille@example.org leonard_lafaille@example.org leonard_lafaille@example.org";"+33000555687 +33000555687 +33000555687"
"Baker";"Petter";"";"peter.baker@example.net";"+33000555341"
"";"";"Rivalkyrie";"Rivalkyrie4591@example.com";"+33085558348"
"PLESSIS";"LAËTITIA";" Laëtitia";"laetitiaplessis@example.org laetitia_plessis@example.org";"+33000555441 +33000555441"
"";"Ajay";"";"ajaytiwari@example.org";"+33055506199"
"Gérard";"Maxence";"Lamb";"Lamb5300@example.org";"+33066267618"
"al-Saad";"Shaaheen";"Viper Viper";"shaaheen.al.saad@example.org Viper9855@example.org";"+33000555178 +33000555178"
"Ballesdens";"Céleste";"";"celesteballesdens@example.net celesteballesdens@example.com";" +33065559771 +33065559771"
"Philidor";"Lise";"Fury Fury";"Fury3581@example.org Fury3581@example.org";"+33016410055"
"AL-GULER";"ILYAAS";"";"ilyaas_al.guler@example.net ilyaas.al.guler@example.net ilyaas_al.guler@example.com ilyaas_al.guler@example.com";"+33055588498 +33055588498 +33055588498"
"Bethune";"Sollène";"";"solenebethune@example.net";"+33000555373"
"Courvoisier";"Marie-Christine";"Sheep Sheep Sheep";" Sheep8929@example.net marie.christine_courvoisier@example.com";"+33055519626 +33055519626 +33055519626"
"Marchand";"Clélia";"";"clelia.marchand@example.org clelia.marchand@example.org clelia.marchand@example.net clelia.marchand@example.org";"+33000555030 +33000555030 +33000555030 +33000555030"
"BETTENCOURT";"ÉLOÏSE";"Ogremlin Ogremlin";"Ogremlin3595@example.org eloisebettencourt@example.net";"+33000555294 +33000555294"
"";"Lydia";"Frog";"Frog7281@example.net";"+33065557561"
"Tiwari";"Ajay";"";"ajay_tiwari@example.org ajay_tiwari@example.org ajay_tiwari@example.com ajaytiwari@example.org";"+330 55 50 61 99 +33055506199 +33055506199 +330.55.50.61.99"
"Figuier";"Angélique";"";"angelique.figuier@example.org angeliquefiguier@example.com angelique.figuier@example.com angelique.figuier@example.com angelique.figuier@example.org";" +33035555744 +33035555744 +33035555744 +33035555744"
"Bateux";"Bernadette";"";"bernadette_batteux@example.com";"+33085554280"
"Albertine";"Chardin";"Khajiit";"albertinechardin@example.net";"+33055582026"
"Marchant";"Arlette";"Wrecker Wrecker Wrecker";"arlette.marchant@example.org arlette.marchant@example.org arlette.marchant@example.org";"+33001552968 +33(0)055552511 +33028136769"
"Erdemir";"Cem";"Cem";"cem.erdemir@example.org";"+33055515215"
"Pelletier";"Nicolette";"";"nicolettepelletier@example.com nicolette.pelletier@example.net nicolettepelletier@example.org nicolettepelletier@example.com nicolette.pelletier@example.net";"0055528721 +33055528721 +33055528721 +33055528721 +33055528721 +33008161574"
"dutertre";"gwenaëlle";"";"gwenaelledutertre@example.net gwenaelle_dutertre@example.org gwenaelle_dutertre@example.org gwenaelle_dutertre@example.org";"+33085554047 +33039968929 +33085554047 +33029162108 +33085554047"
"Chaney";"Jérémy";"";"Fuguru2346@example.com";"+33075554070"
"";"Hiranyagarbha";"Villain";"hiranyagarbhareddy@example.net";"+33035557344"
"Passereau";"Inès";"";" ines.passereau@example.net ines.passereau@example.net inespassereau@example.net";"+33055595164 +330 55 59 51 64 +33055595164 +33055595164"
"Bouthillier";"Justine";" Wolverival";"justine_bouthillier@example.net justine_bouthillier@example.net Wolverival4808@example.com";"+33000555791 +33000555791 +33000555791"
"MATTHIEU";"LARUE";"Zebra";"matthieularue@example.net";"+33000555858"
"Bruneau";"Viviane";"Viviane Spookworm Viviane";"Spookworm7637@example.com Spookworm7637@example.com viviane.bruneau@example.net Spookworm7637@example.com";"+33000555132 +33000555132 +33015247971 +33000555132"
"Barthet";"Angeline";"Locust Locust";"Locust75@example.org Locust1681@example.com";" +33000555017"
"De Villepin";"Jean";"Phoenixia Phoenixia Jean Phoenixia";" Phoenixia8122@example.org jean.devillepin@example.org Phoenixia8122@example.org";"+33000555837 +33000555837 +33000555837 +33(0)0.00.55.58.37"
"Vaugeois";"Joëlle";"";"joelle_vaugeois@example.com joelle_vaugeois@example.com joelle_vaugeois@example.com joellevaugeois@example.net";"+33052549976 +33018512471 +33085557596 +33085557596"
"Noir";"Laetitia";" Laetitia";"laetitia_noir@example.org laetitia.noir@example.net laetitia_noir@example.net laetitia_noir@example.org laetitia_noir@example.net laetitia_noir@example.net laetitia.noir@example.net laetitia.noir@example.net";"+33055523841 +33055523841 +33055523841 +33055523841 +33032411564 +33055523841 +33055523841 +33055523841"
"el-Sultana";"Labeeb";"Custard Labeeb Custard";" labeebel.sultana@example.org Custard8227@example.net";"+33055514762 +33055514762 +33055514762"
"Courvoisier";"Fabien";" Fabien";"fabien_courvoisier@example.org fabiencourvoisier@example.net fabien_courvoisier@example.org fabien.courvoisier@example.org";"+330.45.55.69.06 +33045556906 +33045556906"
"DUHAMEL";"ALEXIA";"Dinosaur Dinosaur Dinosaur Dinosaur Dinosaur Dinosaur Dinosaur";"Dinosaur5991@example.net Dinosaur53@example.net Dinosaur5991@example.net Dinosaur5665@example.com Dinosaur53@example.net Dinosaur53@example.net Dinosaur5665@example.com Dinosaur5991@example.net";"+33000555226 +33096426764 +33000555226 +33000555226 +33089724047 +33(0)0 00 55 52 26"
"Escoffier";"Micheline";" Micheline";"micheline.escoffier@example.net micheline_escoffier@example.net";"+33000555373 +33000555373"
"Bottoni";"Quinziano";"Unbanshee";"quinzianobottoni@example.org";"+33055551822"
"Charbonneau";"Lara";"Crocodino29";"Crocodino291900@example.net";""
"Botrel";"Romméo";"Demon";"Demon3835@example.org";""
"";"Georges";"Domignome";"georges.touchard@example.com";"+33075555876"
"Didier";"Ménétries";"";"didier.menetries@example.org";"+33000555225"
"Desjardins";"Alex";"";"alexdesjardins@example.com alex.desjardins@example.com alex_desjardins@example.net alex.desjardins@example.com";"+33055552413 +33055552413 +33055552413 00-55-55-24-13"
"TOURNEUR";"RODOLPHE";"";"rodolphetourneur@example.com rodolphetourneur@example.com rodolphetourneur@example.com rodolphe_tourneur@example.org";"+33000555448 +33000555448 +33000555448 +33000555448"
"Manda";"Gatha";"";"gathamanda@example.com gathamanda@example.com";"+330-75-55-72-57 +33075557257"
"Gokcen";"Reccep";"Techy";"recepgokcen@example.org";"+33000555736"
"Gardet";"Solenn";"";"solenngardet@example.com solenngardet@example.org";"+33000555042 +33000555042"
"Bittencourt";"Vincent";"Porcupint Porcupint Vincent Porcupint Porcupint";"vincent.bittencourt@example.org Porcupint1782@example.org Porcupint1782@example.org Porcupint1782@example.org vincent.bittencourt@example.com";"+33085556737 +33(0)0 85 55 67 37 +33085556737 +33085556737 +33085556737"
"rousseau";"aline";"";"alinerousseau@example.org alinerousseau@example.org alinerousseau@example.org";"+33000555579 +33000555579 +33003459448"
"";"";"Frog";"Frog4169@example.com";"+33065557561"
"el-Burki";"Abdul Quddoos";"Angel";"abdulquddoos_el.burki@example.com";"+33055513225"
"D'Aboville";"Héloïse";"Héloïse";"heloisedaboville@example.net heloisedaboville@example.net heloisedaboville@example.net";"+33055596077 +33055596077 +33055596077"
"Vannier";"Ginette";"";"ginette.vannier@example.com ginette_vannier@example.net";"+33000555793 +33000555793"
"Abadie";"Albane";"Komodough Komodough";"albaneabadie@example.com albaneabadie@example.org";"+33000555834 +33000555834"
"Bettencourt";"Chloé";"";"chloe_bettencourt@example.com chloe.bettencourt@example.org chloe_bettencourt@example.com chloe.bettencourt@example.org";"+33085550834 +33085550834 +33085550834 +33085550834"
"Renaudin";"Olivier";"";"olivier_renaudin@example.org olivier_renaudin@example.org olivier_renaudin@example.net";"+33088783201 +33000555786 +33099802370 +33000555786"
"Chabert";"Adrienne";"";"adriennechabert@example.net adrienne.chabert@example.org adrienne_chabert@example.net";"+33000555766 +330 00 55 57 66"
"Brian";"Gwenaël";"";"gwenaelbrian@example.net gwenaelbrian@example.net gwenaelbrian@example.net";"+33000555513 +33000555513 +33000555513"
"D'Antoni";"Calanico";" Melon Melon Melon Melon Melon";"calanico_dantoni@example.org Melon431@example.org Melon431@example.org calanicodantoni@example.net calanicodantoni@example.net Melon431@example.org";"+33000555355 +33000555355 +33(0)0-00-55-53-55 +33062630221 +33035211397"
"Asselineau";"Cécile";" Rivalkyrie Cécile";"Rivalkyrie4591@example.com cecile_asselineau@example.net Rivalkyrie4591@example.com";"+33085558348 +33085558348 +33085558348"
"Carbonneau";"Rosalie";"";"rosaliecarbonneau@example.org rosalie_carbonneau@example.net rosaliecarbonneau@example.org rosalie_carbonneau@example.net";"+33055588089 +33055588089 +33(0)0.55.58.80.89 +33055588089"
"Jean";"De Villepin";"Phoenixia";"jean.devillepin@example.org";"+33000555837"
"";"";"Droid";"blanche.mallette@example.org";"+33055551065"
"";"Ameline";"";"ameline.choffard@example.org";"+33055532252"
"Marchal";"Émeeline";"Gnoll";"Gnoll4805@example.org";"+33045558312"
"De Villiers";"Rosalie";"Wombat Wombat Wombat";"Wombat1470@example.net rosalie_devilliers@example.org";"00.55.53.80.74 +33055538074 +33055538074"
"Gul";"Kuddret";"Gerbil";"Gerbil3986@example.net";"+33055583197"
"";"";"Gnu";"jerome.boudreaux@example.net";"+33000555677"
"niel";"rose-marie";"";"rose.marieniel@example.net rose.marie_niel@example.net";"+33085553361"
"Demaret";"Aliine";"";"aline.demaret@example.net";"+33000555391"
"gribelin";"nancy";"Immortal";"Immortal7207@example.org";"+33000555979"
"Coulomb";"Adèle";"Adèle";"adele_coulomb@example.com adele_coulomb@example.com adele_coulomb@example.com";"+33055533458 +33055533458 +33055533458"
"Laflèche";"Bérrénice";"Geckoco888";"berenice.lafleche@example.org";"+33000555882"
"Reverdin";"Léoo";"Paladin Paladin";"Paladin4409@example.net leoreverdin@example.org";"+33045550603 +33045550603"
"Messier";"Véronique";" Véronique";"veroniquemessier@example.org veroniquemessier@example.org";"+33055552031 +33055552031"
"breguet";"ernest";" Ernest";"ernest_breguet@example.net ernest.breguet@example.org ernest_breguet@example.net";"+33075554544 +33075554544 +33075554544"
"Boulanger";"Océane";"";"oceane.boulanger@example.org";"+33035553381 +33035553381"
"Raymond";"Hector";"";"raymond_hector@example.com";"+33045551623"
"About";"Axelle";" Axelle";"axelleabout@example.net axelleabout@example.net axelle_about@example.org axelleabout@example.org";"+33000555503 +33000555503 00-00-55-55-03 +33000555503"
"Hauet";"Élise";"";"elisehauet@example.net elise.hauet@example.com elise_hauet@example.org elise_hauet@example.org";"+33045551510 +33045551510 +33045551510 +33045551510 +33045551510"
"Bethune";"Laurent";"Leaf123 Leaf123 Leaf123";"Leaf1238987@example.net laurent_bethune@example.org Leaf1238987@example.net";"+33055542145 +33075032525 +33002783218"
"Moitessier";"Noëlle";"Tauren";"noellemoitessier@example.org";"00.55.54.04.89"
"Karaca";"Turna";"";"turna_karaca@example.com";"+33055537731"
"";"Didier";"";"didier_menetries@example.com";"+33000555225"
"Moineau";"Fraancine";"";"francine_moineau@example.org";"+33035551671"
"Dupuy";"Ghyslaine";"";" ghyslaine.dupuy@example.com ghyslaine.dupuy@example.com";"+33055577023 +33091812729 +33055577023"
"Delafose";"Gautier";" Gautier";"gautierdelafose@example.org gautier_delafose@example.com gautierdelafose@example.org";"+33035556430 +33035556430 +330 35 55 64 30"
"Lydia";"Gérald";"";"lydiagerald@example.net";"+33055562346"
"Féret";"Jean-Louis";"";"jean.louisferet@example.org";"+33055503238"
"Courvoisier";"Fabien";"";"fabien_courvoisier@example.org fabien_courvoisier@example.org suzanne_philippon@example.net suzanne_philippon@example.net suzanne.philippon@example.net";"+33045556906 +330.45.55.69.06 +33055502280 +33015973005 +33055502280"
"Bhagat";"Gauri";"Spillager Spillager";"Spillager7814@example.com gauri_bhagat@example.net";"+33055537882 +33055537882"
"OUVRARD";"RENÉ";" René";"rene.ouvrard@example.org reneouvrard@example.org rene.ouvrard@example.org rene.ouvrard@example.org rene.ouvrard@example.org";"+33045556019 +33045556019 +33045556019 +33045556019"
"Brunelle";"Camille";" Camille";"camille.brunelle@example.com camille.brunelle@example.com";"+33000555703 +33000555703"
"Bousquet";"Jean-Loup";"";"jean.loup.bousquet@example.net";"+33000555289"
"Kaplan";"Sophie";"";" sophie_kaplan@example.com sophiekaplan@example.net sophie_kaplan@example.org";"+33055582879 +33055582879 +33055582879 +33055582879"
"";"Burak";"";"burak_ince@example.org";"+33000555443"
"gul";"kudret";"Gerbil Gerbil";"Gerbil3986@example.net Gerbil3986@example.net";"+33055583197 +33055583197"
"Courbis";"Matthias";" Matthias";"matthias.courbis@example.org matthias.courbis@example.org matthias_courbis@example.net matthias_courbis@example.net matthias.courbis@example.org matthias_courbis@example.net";"+33000555182 +33000555182 +33000555182 +33000555182 +33000555182 +33000555182"
"al-Tawil";"Aseela";"";"aseelaal.tawil@example.com";"+33(0)0-00-55-56-59"
"Norbert";"Tourneur";"";"norbert.tourneur@example.org";"+33055516208"
"Bourcier";"Pierrette";"Pierrette Pierrette";"pierrettebourcier@example.com pierrettebourcier@example.org pierrettebourcier@example.com pierrettebourcier@example.com";"+330.55.52.77.16 +33055527716 +33055527716 +33055527716"
"INCE";"BURAK";"";"burak_ince@example.org burakince@example.net";"+33000555443 +33000555443"
"Corne";"Christine";"";" christine.corne@example.net";"+33055588479 +33055588479"
"Choffard";"Ameline";"";"amelinechoffard@example.org";"+33055532252"
"Landry";"Murielle";"";"murielle.landry@example.org murielle.landry@example.org murielle.landry@example.org";"+33045556333 +33045556333"
"";"";"Lion";"Lion3423@example.com";"+33052047006"
"Balzac";"Yvonne";"Barracuda Barracuda Barracuda";" yvonnebalzac@example.com yvonnebalzac@example.com";"+33000555648 +33000555648 +33000555648"
"Bescond";"Séverin";"";"severinbescond@example.com";"+33075552781"
"Bassot";"Agathe";"";"agathe_bassot@example.net agathe_bassot@example.net agathe_bassot@example.net";"+33055550040 +33055550040 +33055550040"
"GENET";"LYDIA";"Frog";"Frog4169@example.com";"+33065557561"
"Baumé";"Sébastien";"";"sebastienbaume@example.com sebastienbaume@example.com sebastienbaume@example.com";"+33065554882 +33065554882 +33065554882"
"Trintignant";"Francis";"";"francistrintignant@example.net francis.trintignant@example.com francis.trintignant@example.com francis_trintignant@example.org francistrintignant@example.net";"+33055578595 +33055578595 +33055578595 +33055578595"
"Frère";"Roberte";"";"roberte.frere@example.com";"+33055514817"
"Boudreaux";"Jérôme";"Gnu Gnu";"jerome.boudreaux@example.net Gnu1138@example.org";"+33000555677 +33000555677"
"Édouard";"Lesly";"";"lesly_edouard@example.net leslyedouard@example.org";"+33075553029 +33075553029"
"";"Micheline";"";"micheline_escoffier@example.net";"+33000555373"
"Beaugendre";"Romaine";"";"romaine.beaugendre@example.org romaine.beaugendre@example.org";"+33000555081 +33000555081"
"Deniau";"Blandine";"";"blandine_deniau@example.org blandine_deniau@example.net";"+33000555453 +33000555453"
"Périer";"Régine";"Régine";"regine.perier@example.com regine.perier@example.com regine_perier@example.com regine.perier@example.com";"+33000555204 0000555204 +33000555204 +33000555204"
"";"Roméo";"Demon";"romeo.botrel@example.net";"+33085551355"
"Passereau";"Solange";"";"solange.passereau@example.org";"+33085550657 +33085550657"
"MANAUDOU";"CATHERINE";"";"catherinemanaudou@example.net catherine_manaudou@example.net catherinemanaudou@example.net catherine_manaudou@example.net";"+33055565849 +33055565849 +33006976771 +33055565849 +33055565849"
"Seyrès";"Asttrid";"";"astrid.seyres@example.net";"+33000555091"
"Beaufils";"José";"";"jose_beaufils@example.org";"+33000555424"
"CLARISSE";"BARRANDE";"";"clarisse.barrande@example.net";"+33055581221"
"De Villiers";"Jennifer";" Jennifer";"jennifer.devilliers@example.com jennifer.devilliers@example.com jennifer.devilliers@example.com jenniferdevilliers@example.net";"+33093768430 +33055559226 +33055559226 +33055559226"
"Clérico";"Julienne";"";"julienne.clerico@example.com julienneclerico@example.net";"0055507370 +33055507370"
"";"Zuraara";"";"zuraara.el.noori@example.com";"+33055551777"
"Seyrès";"Astrid";"";"astrid.seyres@example.net astrid_seyres@example.org";"+33(0)000555091 +33000555091"
"";"";"Locust";"Locust1681@example.com";"+33000555017"
"Astier";"Julia";"Julia";"julia.astier@example.net julia.astier@example.net";"+33045559388 +33045559388"
"Cattherine";"Manaudou";"";"catherinemanaudou@example.net";"+33055565849"
"Hiranyagarbha";"Reddy";"Villain";"hiranyagarbhareddy@example.net";"+33035557344"
"Hennequin";"Irène";"";" irenehennequin@example.com irenehennequin@example.com irenehennequin@example.org";"+33000555677 +33000555677 +33000555677 +33000555677"
"ADNET";"DENIS";"";"denis.adnet@example.com denis_adnet@example.com";"+33085553214 +33085553214"
"Compere";"Rébeca";"";"rebeccacompere@example.org rebeccacompere@example.org";"+33085552814 +33085552814"
"Ménétries";"Didier";"";"didiermenetries@example.com didier_menetries@example.com didier.menetries@example.org didier_menetries@example.com didiermenetries@example.com";" +33000555225 +330 00 55 52 25 +33000555225"
"";"Paityn";"Baby";"Baby158@example.com";"+33035550586"
"";"";"General";"jean.charles_devillers@example.com";"+33000555063"
"Manoury";"Pauuline";"Pauuline";"pauline_manoury@example.org";"+33045552485"
"Cordonier";"Geoffroy";"Stitches";"Stitches5664@example.org";"+33055541000"
"Affré";"Aymeric";"Jaguwar";"Jaguwar1943@example.net";"+33(0)0 55 55 55 31"
"";"";"Frog";"Frog7281@example.net";"+33065557561"
"";"Simonne";"";"simonne.thiers@example.org";"+33035558570"
"BURDI";"GIANLUIGI";"Baboon";"Baboon605@example.com";"+33055557572"
"Harris";"William";" William";" william_harris@example.com william_harris@example.com";"00.55.57.34.05 +33055573405 +33055573405"
"dubos";"myriam";"Saladiator Saladiator Saladiator";"Saladiator1090@example.org Saladiator1090@example.org Saladiator4342@example.org";"+33055527882 +33055527882 +33055527882"
"Gainsbourg";"Alfred";"Alfred";"alfredgainsbourg@example.org";"+33035552685"
"cartier";"marie-madeleine";"";"marie.madeleine.cartier@example.com";"+33055569481"
"Lydie";"Grinda";"";"lydie.grinda@example.net";"+33000555025"
"Robiquet";"Édouard";"";"edouard_robiquet@example.net edouard_robiquet@example.org edouard.robiquet@example.net";" +33075554457 +33075554457"
"Guillaume";"Gustave";"";"gustave_guillaume@example.org";"+33055551777"
"Gaubert";"Barthélemy";"";"barthelemygaubert@example.com barthelemygaubert@example.com";"+33046699440 +33000555354"
"simon";"marina";"";"marina.simon@example.net marina.simon@example.net marina.simon@example.net";"+33065557043 +33065557043 +33065557043"
"Kemal";"Zekiye";"";"zekiye.kemal@example.com";"+33014671369"
"Chardin";"Albertine";"Albertine Khajiit";"albertinechardin@example.net albertinechardin@example.org";"+33055582026 +33055582026"
"Compere";"Rébecca";" Rébecca";" rebeccacompere@example.org rebecca_compere@example.net rebeccacompere@example.org";"+33085552814 +33085552814 +33085552814 +33085552814 +33085552814"
"Sylviane";"Balzac";"";"sylviane.balzac@example.net sylviane.balzac@example.net";"+33035553812 +33035553812"
"";"Gautier";"";"gautier_delafose@example.com";"+33035556430"
"Chopin";"Yolande";"";"yolandechopin@example.org";"+33055554248"
"";"Ameline";"";"ameline.choffard@example.org";"+33055532252"
"Bonhomme";"Jean-Noël";"";"jean.noelbonhomme@example.com jean.noelbonhomme@example.com jean.noelbonhomme@example.com jean.noelbonhomme@example.com jean.noelbonhomme@example.com jean.noelbonhomme@example.com";"0055589050 +33054211767 +33055589050 +330.55.58.90.50 +33055589050 +33055589050"
"Jennifer";"De Villiers";"";"jenniferdevilliers@example.net";"+33055559226"
"Peletier";"Nicolette";"";"nicolettepelletier@example.com";"+33055528721"
"De Guignes";"Wilfried";"Revenant Revenant Revenant";" wilfried_deguignes@example.net wilfried_deguignes@example.net";"+33075557059 +33037396518 +33075557059"
"Manoury";"Pauline";" Pauline";"paulinemanoury@example.net pauline_manoury@example.net";"+33045552485 +33045552485"
"Botrel";"Perrine";"";"perrine.botrel@example.net perrine.botrel@example.com perrinebotrel@example.org";"+33000555685 +33023900587 +33000555685"
"Delannoy";"Florian";"";"florian.delannoy@example.org";"+33055527320"
"Brassard";"Aude";"";"aude.brassard@example.com aude.brassard@example.com aude.brassard@example.com";"+33021284149 00.55.52.89.61 00-55-52-89-61"
"Portier";"Madeleine";"";"madeleine.portier@example.com";"+33006476553"
"Bofrand";"Odile";"";"odileboffrand@example.org";"+33000088891"
"Lebas";"Abelone";"";"abelone_lebas@example.net abelone.lebas@example.net";" +33000555466"
"Marie-Madeleine";"Cartier";"";"marie.madeleine.cartier@example.net";"+33055569481"
"blevins";"darnell";" Darnell Darnell";"darnell_blevins@example.org darnell.blevins@example.net darnell_blevins@example.org";"+33045552559 +33045552559 +33045552559"
"";"Béatrice";"";"beatriceduhamel@example.net";"+33000555547"
"Vérany";"Adrien";"";"adrien_verany@example.org";"+33(0)0 00 55 51 10"
"";"Shukriyya";"";"shukriyya.el.abed@example.com";"+33055557808"
"Feliciano";"Antonello";"";"antonello.feliciano@example.com";"+33055551837"
"Dujardin";"Ludovic";"Spirit Spirit Spirit";" Spirit5111@example.org ludovic_dujardin@example.com";"+33055500223 +33055500223 +33055500223"
"Philidor";"Maïté";"";"maite.philidor@example.org";"+33035552507"
"Manaudou";"Gaylord";" Gaylord";"gaylord.manaudou@example.org gaylord_manaudou@example.org";"+33065555734 +33065555734 +33065555734"
"Vernier";"Jeanne";"";"jeanne_vernier@example.org";"+33068548618"
"";"Yilmaz";"";"yilmaz_atay@example.org";"+33055524232"
"Besnard";"Yvonne";" Yvonne";"yvonne_besnard@example.com yvonne_besnard@example.com";"+33055521010 +33055521010"
"Duhamel";"Béatrice";"";"beatrice_duhamel@example.org beatriceduhamel@example.net";"+33000555547 +33042923759"
"Ardouin";"Murielle";"Piagnome Piagnome Piagnome";"murielleardouin@example.net Piagnome3717@example.com murielle_ardouin@example.com";"+33055535947 +33055535947 +33049922249"
"";"Aymeric";"Jaguwar";"aymeric_@example.net";"+33055555531"
"Philidor";"Maïïté";"";"maitephilidor@example.net maitephilidor@example.com";"+33035552507 +33035552507"
"Munshi";"Ishvara";"";" ishvara.munshi@example.net";"+33075550641 +33075550641"
"Gautier";"Delafose";"";"gautier_delafose@example.com";"+33035556430"
"devillers";"jean-charles";"General";"jean.charles_devillers@example.com";"+33000555063"
"Lavaud";"Tatiana";"Pear623 Tatiana";"Pear6235277@example.net Pear6235277@example.net Pear6235277@example.net";"+330.55.52.69.48 +33055526948 +33055526948"
"Berger";"Lambert";"";"lambertberger@example.net lambert_berger@example.net lambert.berger@example.net lambert_berger@example.net lambertberger@example.net lambertberger@example.net lambert_berger@example.net";"+33(0)0 45 55 82 11 +33045558211 +33045558211 +33045558211 +33045558211 +33047025239 +33045558211"
"Malet";"Hélène";"Chimera Hélène Chimera Chimera Chimera";"Chimera9358@example.org helenemalet@example.org helenemalet@example.net Chimera9358@example.org helene.malet@example.net helenemalet@example.org";" +33075552706 +33075552706 +33075552706 +33075552706 +33054012137"
"Gicquel";"Valérie";"";"valerie.gicquel@example.org valerie.gicquel@example.org";"+33055529222 +33055529222"
"Dutertre";"Audrey";"";"audreydutertre@example.org audrey.dutertre@example.com audrey.dutertre@example.org";"+33055572690 +330.55.57.26.90 +33055572690"
"Lara";"Charbonneau";"Crocodino29";"Crocodino299699@example.net";"+33055554627"
"Cerci";"Ayboga";"Walker Walker";"ayboga.cerci@example.org Walker7491@example.com";"+33000555212 +33000555212"
"Paityn";"";"Baby";"Baby158@example.com";"+33035550586"
"Emmeline";"Lemoine";"";"emmeline_lemoine@example.com emmeline_lemoine@example.org";"+33055516464 +33055516464"
"";"";"Raspberry";"anne.laurerouzet@example.net";"+330-55-55-66-33"
"Botrel";"Roméo";"Roméo";"romeo.botrel@example.net";"+33085551355"
"Brunele";"Maximilien";"Mutantra";"maximilienbrunelle@example.org";"+33000555532"
"Girault";"Hubert";" Hubert";"hubertgirault@example.org hubert.girault@example.org hubert.girault@example.org hubertgirault@example.org";"00.45.55.63.57 +33045556357 +33045556357 +33(0)045556357"
"Adrienne";"Chabert";"";"adrienne_chabert@example.net";"+33000555766"
"AUBERJONOIS";"NOËL";"";"noelauberjonois@example.com";"+33055572890"
"Monteil";"Céccile";"";"cecile_monteil@example.net";"+33045550599"
"Delaplace";"Jeaan-Paul";"";"jean.paul.delaplace@example.net";"+33055568287"
"Marchant";"Leslie";"";"lesliemarchant@example.com lesliemarchant@example.com lesliemarchant@example.com";"+33055589635 +33055589635 +33046706123"
"BARBEAU";"HONORINE";"Magpiechart Magpiechart";"Magpiechart4859@example.net honorine.barbeau@example.org";"+33055548225 +33055548225"
"";"René";"";"rene.ouvrard@example.org";""
"Betencourt";"Éloïse";"Ogremlin";"eloise.bettencourt@example.org";"+33000555294"
"Dembélé";"Gabriel";"";"gabrieldembele@example.com";"+33045558249"
"BURCH";"PHOENIX";"";"phoenixburch@example.org phoenixburch@example.org";"+33045552808 +33045552808"
"Didier";"Francine";"Sniperipheral Francine";"francinedidier@example.com francinedidier@example.com";"+33075473548 +33000555670"
"Bertillon";"Natacha";"GuineaPiggy GuineaPiggy";" natacha.bertillon@example.com";"+33055566940 +33055566940"
"Chauve";"Mathéo";"";"matheochauve@example.net matheochauve@example.net matheochauve@example.org matheochauve@example.net matheo.chauve@example.com";"+33000555122 +33000555122 +33000555122 +33000555122 +33000555122"
"Gérin-Lajoie";"Dannièle";"";"daniele.gerin.lajoie@example.com";""
"Moreau";"Bertrand";"";"bertrand.moreau@example.net";"0055504221"
"Wood";"Tyler";"Ant";"Ant9680@example.net";"+33085559023"
"Bean";"Paityn";"Baby Baby";"paitynbean@example.com Baby2909@example.net";"+33035550586 +33035550586"
"Thiers";"Simonne";"";"simonne.thiers@example.net";"+33035558570"
"Sharpe";"Lou";"";"lou.sharpe@example.org";"00 75 55 20 21"
"al-Salam";"Hamdoona";"";"hamdoona.al.salam@example.com";""
"";"SALWA";"";"salwaal.baig@example.net";"+33065558717"
"Willow";"Poole";"";"willow_poole@example.net";"+33035550736"
"Couvreur";"Alexis";" Alexis";"alexis_couvreur@example.com alexis.couvreur@example.com";"+33055550540 +33055550540"
"Darche";"Gaby";" Gaby";"gaby_darche@example.com gaby_darche@example.com gaby_darche@example.com";"+33045550668 +33045550668 +33045550668"
"Marchal";"Chantal";"";"chantal_marchal@example.org";"+33055512951"
"Stuart";"Muriel";"";"muriel_stuart@example.org";"+33055584296"
"Tremblay";"Léonard";"";"leonardtremblay@example.net leonard.tremblay@example.net leonard.tremblay@example.net";" +33076093618 +33000555927"
"Brunelle";"Maximilien";"Mutantra";"";"+33000555532"
"Baillairgé";"Catherine";"";"catherine_baillairge@example.com";"+33(0)0-00-55-50-58"
"LaRue";"Mathieu";"Zebra";"matthieularue@example.net";"+33000555858"
"";"Salwa";"";"salwaal.baig@example.net";"+33065558717"
"Balzac";"Syllviane";"";"sylviane.balzac@example.net";"+33035553812"
"CHAPPUIS";"DANIÈLE";"";"daniele_chappuis@example.com danielechappuis@example.com";"+33055598558 +33055598558 +33055598558"
"Aubert";"Théo";"Critturtle";"theo_aubert@example.com";""
"el-Hasan";"Qissma";"";"qismael.hasan@example.net";"+33000555500"
"Panno";"Caronte";" Orange94 Orange94";"Orange945352@example.com Orange949041@example.com";"+33055569871 +33055569871 +33055569871"
"Levet";"Élise";"";"elise.levett@example.org";"+33055569296"
"";"";"Chimera";"helenemalet@example.org";"+33075552706"
"Desmarais";"Alberte";"";"alberte.desmarais@example.com";"+33000555341"
"CAMILLE";"THÉVENET";"";"camille_thevenet@example.com";"+33055555878"
"";"Maxence";"Lamb";"Lamb4518@example.net";"+33055554424"
"Longino";"Alesia";"";"alessia_longino@example.org";"+33000555929"
"Barrande";"Clarisse";"";"clarisse.barrande@example.net";"+33(0)0-55-58-12-21"
"De Saint-Pierre";"Auriane";"Auriane";"Siren9115@example.com";"+33000555611"
"Adnet";"Dennis";"";"denis.adnet@example.net";"+33085553214"
"Asselin";"Clarisse";"";" clarisse_asselin@example.org";"+33055523651 +33055523651"
"Lafaile";"Léonard";"";"leonardlafaille@example.org";"+33000555687"
"";"Jean";"Phoenixia";"jean.devillepin@example.org";"+33000555837"
"Gardet";"Désiré";"";"desiregardet@example.com desire_gardet@example.net desiregardet@example.com";"+33085557946 +33085557946 +33085557946"
"Héroux";"Victoria";"";"victoria.heroux@example.org victoria_heroux@example.org victoria.heroux@example.org";"+33093029446 +33065466415 +33055558411"
"Mace";"Abélia";"Lion";"";"+33055594346"
"";"";"Champeon";"ceciliagaudin@example.com";"+33000555298"
"Delannoy";"Jean-Marie";"Jean-Marie";"Doggy7720@example.org";"+33000555589"
"";"";"Locust";"Locust75@example.org";"+33000555017"
"GÉRIN-LAJOIE";"DANIÈLE";"";"danielegerin.lajoie@example.net";"+33055511986"
"";"Thaddée";"Rascalf";"Rascalf601@example.org";"+33055538944"
"Lecocq";"Amélie";"";"amelie.lecocq@example.net";""
"Allaire";"Lucien";"Slother Slother";" lucien.allaire@example.org";"+33055557287"
"al-Baig";"Salwa";"";"salwaal.baig@example.net";"+33065558717"
"Benoît";"Beaudouin";"";"benoitbeaudouin@example.net";"+33000555197"
"";"Pauuline";"";"pauline_manoury@example.net";"+33045552485"
"Reverdin";"Ériic";"";"eric_reverdin@example.org";"+33055541258"
"Rébecca";"Compere";"";"rebeccacompere@example.org";"+33085552814"
"Vidal";"Edmond";"";"edmond_vidal@example.com edmondvidal@example.net edmond_vidal@example.com";"+330-55-59-77-78 +33055597778 +33099891958"
"";"Gaëtane";"";"gaetane_brazier@example.net";""
"";"Thaddée";"Rascalf";"thaddee_pleimelding@example.net";"+33055538944"
"Cazenave";"Jean-Loup";"";"jean.loup_cazenave@example.org jean.loup.cazenave@example.org jean.loup.cazenave@example.org jean.loupcazenave@example.net";"+33035558865 +33035558865 +33035558865 +33035558865"
"Nalci";"Tuba";"";"";"+33055589916"
"pernet";"carole";"";"carole.pernet@example.com carole.pernet@example.com";"+33000555172 +33000555172"
"";"";"Octopirate";"kizilsayin@example.com";"+33000555196"
"Côté";"Élééonore";"";"eleonorecote@example.net";"+33000555070"
"";"Gaëlle";"";"gaelle.barrande@example.net";"+33075559979"
"lafromboise";"romaine";"Banditto Banditto";"Banditto7006@example.org Banditto7416@example.com";"+33055520502 +33055520502"
"Cordonnier";"Geoffroy";"Stitches Stitches";"geoffroy.cordonnier@example.com geoffroycordonnier@example.net";"+33055541000 +33039181026"
"kléber";"lise";"";"lise.kleber@example.org";"+33000555249"
"Matthieu";"Roselyne";"Asprince Asprince";" Asprince8720@example.org";"+33055554253 +33055554253"
"Geoffroy";"Cordonnier";"Stitches";"Stitches5664@example.org";"+33055541000"
"";"Ginette";"";"ginette.vannier@example.com";"+33000555793"
"";"Danièle";"";"daniele.gerin.lajoie@example.com";"+33055511986"
"Flore";"Joubert";"Spook10";"Spook103577@example.org";"+33055555229"
"Boudier";"Victor";"";"victor_boudier@example.net";""
"hennequin";"ginette";"Ginette";"ginette.hennequin@example.net";"+33055513233"
"Anne-Sophie";"Azéma";"";"anne.sophieazema@example.net";"+33055590950"
"Du Toit";"Gwenaëlle";"";"";"+33055578852"
"Fournier";"Océane";"Océane";"Goghost9259@example.com";"+33000555081"
"Aveline";"Lambert";"";"lambert_aveline@example.org lambert_aveline@example.org";"+33035558521 00-35-55-85-21"
"Gaby";"Darche";"";"gaby_darche@example.org";"+33045550668"
"Boffrand";"Odile";" Odile";"odileboffrand@example.org odileboffrand@example.org";"+33027010234 +33038477747"
"De Guignes";"Sigolène";"";"sigolene.deguignes@example.com";"+33000555903"
"Brazier";"Gaëtane";"";"gaetanebrazier@example.com gaetane.brazier@example.net";"+33045553498 +33045553498"
"";"";"Stitches";"geoffroy.cordonnier@example.com";"+33055541000"
"Dragone";"Radolfo";"";"";"+33055562593"
"";"Léo";"Paladin";"Paladin4409@example.net";"+33045550603"
"Ménard";"Lorraine";"";"lorraine.menard@example.org lorraine.menard@example.org";"+33000555894 +33000555894 +33000555894"
"BARRANDE";"GAËLLE";"";"gaelle.barrande@example.net gaelle_barrande@example.org";"+33075559979 +33(0)0.75.55.99.79"
"Moitesier";"Simon";"";"simon_moitessier@example.org";"+33065558750"
"Touchard";"Georges";"Domignome";"georges.touchard@example.com Domignome7087@example.net";"+33075555876 +33075555876"
"Côté";"Éléonore";"";"eleonore_cote@example.com";"+33000555070"
"Ram";"Rohana";"Rohana";"rohana_ram@example.org";"+33000555727"
"Boissonade";"Stéphane";"";"stephaneboissonade@example.org stephaneboissonade@example.org";"+33000555082 +33000555082"
"Alexis";"Couvreur";"";"alexis.couvreur@example.com";"+33055550540"
"delsarte";"loup";"";"loup.delsarte@example.com loup.delsarte@example.com";"+33000555148 +33000555148"
"Caronte";"Panno";"Orange94";"Orange945352@example.com";"+33055569871"
"";"Paulette";"Fellama";"Fellama7122@example.org";"+33000555066"
"Macina";"Moira";"Lemon";"moira.macina@example.net Lemon8261@example.org";"+33085553310 +33085553310"
"";"";"Melon";"calanico_dantoni@example.org";"+33000555355"
"";"CHRISTINE";"";"";"+33055588479"
"";"Sylvia";"";"sylviacourbis@example.net";"+33055514177"
"Reverdin";"Éric";"";"eric_reverdin@example.org";""
"Laurens";"Murriel";"";"muriellaurens@example.net";"+33075555171"
"";"Cécile";"";"cecile_monteil@example.net";"+33045550599"
"Hébras";"Adeline";"";"adeline_hebras@example.org adeline_hebras@example.org";"+33085551987 +33085551987"
"BISSONNETTE";"VICTOIRE";"";"victoire.bissonnette@example.org";"+33055529543"
"Muriel";"Laurens";"";"muriellaurens@example.net";"+33075555171"
"Beauchamp";"Maéva";"";"maeva_beauchamp@example.net maeva.beauchamp@example.net";"+33000555850 +33000555850"
"";"Burch";"";"phoenixburch@example.org";"+33045552808"
"Béliveau";"Coline";"";"coline.beliveau@example.com";"+33065551816"
"";"";"Spirit";"Spirit5111@example.org";"+33055500223"
"Deslys";"Lucile";" Lucile";" lucile.deslys@example.org";"+33055509263 +33055509263"
"Trottier";"Miryam";"";"miryam_trottier@example.com";"+33075551003"
"Abadie";"Nicolas";"";"nicolas.abbadie@example.org";"+33055537536"
"Paityn";"Bean";"Baby";"Baby2909@example.net";"+33035550586"
"Inès";"Passereau";"";"ines.passereau@example.org";"+33055595164"
"Reverdin";"Léo";"";"Paladin4409@example.net leoreverdin@example.org";"+33045550603 +33045550603"
"Auch";"Georges";"";"georgesauch@example.net";""
"Jean-Loup";"Bousquet";"Pumpkin";"jean.loup.bousquet@example.net";"+33000555289"
"Henequin";"Irène";"";"irene_hennequin@example.com";"+33000555677"
"";"Nadine";"Boomer";"Boomer1915@example.com";"+33(0)0-00-55-50-28"
"Courvoisier";"Fabbien";"";"fabien.courvoisier@example.org";"+33045556906"
"Tourneur";"Roddolphe";"";"";"+33(0)0.00.55.54.48"
"Maxence";"Gérard";"Lamb";"maxence_gerard@example.org";"+33055554424"
"el-Hasan";"Qisma";"";"qisma.el.hasan@example.net";"+33000555500"
"Micheline";"Escoffier";"";"micheline_escoffier@example.net";"+33000555373"
"Dimont";"Michel";"";"michel_dimont@example.org";"+33000555801"
"";"Yvonne";"";"yvonne_besnard@example.com";"+33055521010"
"";"";"Droid";"blanche.mallette@example.org";"+33055551065"
"Naudé";"Émilienne";"";"emiliennenaude@example.net";"+33075559046"
"Thibault";"Florentin";"";"florentin_thibault@example.com";"+33045551842"
"Nicholson";"Aubrey";"Pirate";"Pirate7792@example.com";"+33055567826"
"Jégou";"Porthos";"Porthos";"porthos.jegou@example.org porthos.jegou@example.org";"+33000555709 +33000555709"
"Barthet";"Anggeline";"Locust";"Locust1681@example.com";"+33000555017"
"reddy";"hiranyagarbha";"Villain";"Villain3002@example.org";"+33035557344"
"Pinchon";"Fernande";"";"fernande.pinchon@example.org";"+33055524916"
"";"Emmeline";"";"emmeline_lemoine@example.org";"+33055516464"
"";"";"Gnu";"jerome.boudreaux@example.net";"+33000555677"
"Du Toit";"Gilles";"";"gilles_dutoit@example.com gilles.dutoit@example.org";"+330.00.55.52.42 +33000555242"
"Myriam";"Dubos";"Saladiator";"Saladiator4342@example.org";"+33055527882"
"Baudet";"Eliise";"Tsardine";"Tsardine8370@example.org";"+33055559078"
"Chausson";"Monique";"";"monique.chausson@example.net";"+33000555087"
"";"Roméo";"Demon";"romeo.botrel@example.net";"+33085551355"
"";"";"Gibbonbon";"jean.louis.lievremont@example.com";"+33055531878"
"Rosalie";"De Villiers";"Wombat";"Wombat9625@example.net";"+33055538074"
"marchal";"chaantal";"";"chantal_marchal@example.org";"+33055512951"
"";"Catherine";"";"catherinemanaudou@example.net";"+33055565849"
"Qisma";"el-Hasan";"";"qismael.hasan@example.net";"+33000555500"
"Calanico";"D'Antoni";"Melon";"calanico_dantoni@example.org";"+33000555355"
"Gaume";"Remi";"Sassassin007";"remigaume@example.com";"+33(0)0.45.55.61.54"
"pierlot";"vanessa";"Monk";"Monk8750@example.org";"+33055589083"
"Baschet";"Christelle";"Christelle";"christelle_baschet@example.org";"+33055586285"
"";"Paityn";"Baby";"paitynbean@example.com";"+33035550586"
"Joguet";"Gaëtane";"";"gaetanejoguet@example.net";"+33055572705"
"";"Qisma";"";"qismael.hasan@example.org";"+33000555500"
"";"Bérénice";"Geckoco888";"berenice.lafleche@example.org";"+33000555882"
"";"";"Immortal";"Immortal7207@example.org";"+33000555979"
"LAZARD";"JEAN-MARIE";"";"jean.marielazard@example.com";"+33045550496 +33045550496"
"Rigal";"Éliisabeth";"";"elisabeth_rigal@example.com";"+33085551092"
"";"Nicolas";"";"nicolas.abbadie@example.org";"+33055537536"
"Pernet";"Carrole";"";"carole.pernet@example.com";"+33000555172"
"laframboise";"edgar";"";"edgar.laframboise@example.com";"+33000555532"
"VARTY";"ANGA";"";"anga.varty@example.net";"+33055559779"
"Rose-Marie";"Niel";"";"rose.marie.niel@example.org";"+33085553361"
"Malet";"Héllène";"Chimera";"helene.malet@example.net";"+33075552706"
"Dufresne";"Jonathan";"";"Bingoblin1146@example.com";"+33000555470"
"Élise";"Hauet";"";"elise_hauet@example.org";"+33045551510"
"";"";"Wombat";"Wombat5951@example.org";"+33055538074"
"Hara";"Mishra";"";"hara_mishra@example.org";"+33000555999"
"Battier";"Alceste";"Alceste";"alceste.battier@example.com";"+33055553524"
"Vincent";"Bittencourt";"Bittencourt";"vincent.bittencourt@example.org";"+33085556737"
"Florian";"Delannoy";"";"floriandelannoy@example.com";"+33055527320"
"Rao";"Rane";"";"";"+33000555078"
"Robillard";"Didier";"";"didierrobillard@example.net didierrobillard@example.net";"+33075558829 +33075558829"
"Christine";"Corne";"";"christine.corne@example.org";"+33055588479"
"Iovino";"Ottilia";"";"ottilia_iovino@example.net";""
"Delsarte";"Louup";"";"loup.delsarte@example.com";"+33000555148"
"";"Georges";"";"georgesauch@example.net";"+33055502092"
"Lambert";"Céleste";"";"celestelambert@example.org";""
"";"Auriane";"Siren";"Siren9115@example.com";"+33000555611"
"Dimont";"Micchel";"";"michel_dimont@example.org";"+33000555801"
"";"Lesly";"";"leslyedouard@example.org";"+33075553029"
"Pole";"Willow";"";"willow_poole@example.net";"+33(0)0-35-55-07-36"
"";"Véronique";"";"veronique.messier@example.org";"+33018387677"
"Beauchamp";"Maééva";"";"maevabeauchamp@example.com";"+33000555850"
"";"Porthos";"";"porthos.jegou@example.org";"+33000555709"
"Dufresne";"Grégoire";"";"gregoire.dufresne@example.org";"+33000555949"
